snippet	first-err	add-import	define-func	define-var	create-resource	resolve-module	define-container	define-callable	define-length	define-operator	define-key	define-literal	convert-literal
620	429 Client Error: Too Many Requests for url: http://lorempixel.com/400/200	429 Client Error: Too Many Requests for url: http://lorempixel.com/400/200	429 Client Error: Too Many Requests for url: http://lorempixel.com/400/200	429 Client Error: Too Many Requests for url: http://lorempixel.com/400/200	429 Client Error: Too Many Requests for url: http://lorempixel.com/400/200	429 Client Error: Too Many Requests for url: http://lorempixel.com/400/200	429 Client Error: Too Many Requests for url: http://lorempixel.com/400/200	429 Client Error: Too Many Requests for url: http://lorempixel.com/400/200	429 Client Error: Too Many Requests for url: http://lorempixel.com/400/200	429 Client Error: Too Many Requests for url: http://lorempixel.com/400/200	429 Client Error: Too Many Requests for url: http://lorempixel.com/400/200	429 Client Error: Too Many Requests for url: http://lorempixel.com/400/200	429 Client Error: Too Many Requests for url: http://lorempixel.com/400/200
645	list index out of range	list index out of range	list index out of range	list index out of range	list index out of range	list index out of range	list index out of range	list index out of range	list index out of range	list index out of range	list index out of range	list index out of range	list index out of range
712	list index out of range	list index out of range	list index out of range	list index out of range	list index out of range	list index out of range	list index out of range	list index out of range	list index out of range	list index out of range	list index out of range	list index out of range	list index out of range
335	3	3	3	3	3	3	3	3	3	3			
400	"""None of [Index(['col_1', 'col_2'], dtype='object')] are in the [columns]"""	"""None of [Index(['col_1', 'col_2'], dtype='object')] are in the [columns]"""	"""None of [Index(['col_1', 'col_2'], dtype='object')] are in the [columns]"""	"""None of [Index(['col_1', 'col_2'], dtype='object')] are in the [columns]"""	"""None of [Index(['col_1', 'col_2'], dtype='object')] are in the [columns]"""	"""None of [Index(['col_1', 'col_2'], dtype='object')] are in the [columns]"""	"""None of [Index(['col_1', 'col_2'], dtype='object')] are in the [columns]"""	"""None of [Index(['col_1', 'col_2'], dtype='object')] are in the [columns]"""	"""None of [Index(['col_1', 'col_2'], dtype='object')] are in the [columns]"""	"""None of [Index(['col_1', 'col_2'], dtype='object')] are in the [columns]"""	"""None of [Index(['col_1', 'col_2'], dtype='object')] are in the [columns]"""	"""None of [Index(['col_1', 'col_2'], dtype='object')] are in the [columns]"""	"""None of [Index(['col_1', 'col_2'], dtype='object')] are in the [columns]"""
160	3	3	3	3	3	3	3	3	3	3	27	27	27
121	attempted relative import with no known parent package	attempted relative import with no known parent package	attempted relative import with no known parent package	attempted relative import with no known parent package	attempted relative import with no known parent package								
350	attempted relative import with no known parent package	attempted relative import with no known parent package	attempted relative import with no known parent package	attempted relative import with no known parent package	attempted relative import with no known parent package								
582	cannot import name 'B' from 'b' (/Users/adminuser/miniconda3/envs/incompleter/lib/python3.11/site-packages/b.py)	cannot import name 'B' from 'b' (/Users/adminuser/miniconda3/envs/incompleter/lib/python3.11/site-packages/b.py)	cannot import name 'B' from 'b' (/Users/adminuser/miniconda3/envs/incompleter/lib/python3.11/site-packages/b.py)	cannot import name 'B' from 'b' (/Users/adminuser/miniconda3/envs/incompleter/lib/python3.11/site-packages/b.py)	cannot import name 'B' from 'b' (/Users/adminuser/miniconda3/envs/incompleter/lib/python3.11/site-packages/b.py)	No module named 'c'	No module named 'c'	No module named 'c'	No module named 'c'	No module named 'c'	No module named 'c'	No module named 'c'	No module named 'c'
341	attempted relative import with no known parent package	attempted relative import with no known parent package	attempted relative import with no known parent package	attempted relative import with no known parent package	attempted relative import with no known parent package								
17	'Asia/India'	'Asia/India'	'Asia/India'	'Asia/India'	'Asia/India'	'Asia/India'	'Asia/India'	'Asia/India'	'Asia/India'	'Asia/India'	'Asia/India'	'Asia/India'	'Asia/India'
391	division by zero	division by zero	division by zero	division by zero	division by zero	division by zero	division by zero	division by zero	division by zero	division by zero	division by zero	division by zero	division by zero
403	[Errno 49] Can't assign requested address	[Errno 49] Can't assign requested address	[Errno 49] Can't assign requested address	[Errno 49] Can't assign requested address	[Errno 49] Can't assign requested address	[Errno 49] Can't assign requested address	[Errno 49] Can't assign requested address	[Errno 49] Can't assign requested address	[Errno 49] Can't assign requested address	[Errno 49] Can't assign requested address	[Errno 49] Can't assign requested address	[Errno 49] Can't assign requested address	[Errno 49] Can't assign requested address
126	[Errno 30] Read-only file system: '/my'	[Errno 30] Read-only file system: '/my'	[Errno 30] Read-only file system: '/my'	[Errno 30] Read-only file system: '/my'	[Errno 30] Read-only file system: '/my'	[Errno 30] Read-only file system: '/my'	[Errno 30] Read-only file system: '/my'	[Errno 30] Read-only file system: '/my'	[Errno 30] Read-only file system: '/my'	[Errno 30] Read-only file system: '/my'	[Errno 30] Read-only file system: '/my'	[Errno 30] Read-only file system: '/my'	[Errno 30] Read-only file system: '/my'
166	[Errno 2] No such file or directory: 'data.txt'	[Errno 2] No such file or directory: 'data.txt'	[Errno 2] No such file or directory: 'data.txt'	[Errno 2] No such file or directory: 'data.txt'									
569	c:\1.csv not found.	c:\1.csv not found.	c:\1.csv not found.	c:\1.csv not found.	could not convert string 'column1' to float64 at row 0, column 1.	could not convert string 'column1' to float64 at row 0, column 1.	could not convert string 'column1' to float64 at row 0, column 1.	could not convert string 'column1' to float64 at row 0, column 1.	could not convert string 'column1' to float64 at row 0, column 1.	could not convert string 'column1' to float64 at row 0, column 1.	could not convert string 'column1' to float64 at row 0, column 1.	could not convert string 'column1' to float64 at row 0, column 1.	could not convert string 'column1' to float64 at row 0, column 1.
758	[Errno 2] No such file or directory: 'whatever.png'	[Errno 2] No such file or directory: 'whatever.png'	[Errno 2] No such file or directory: 'whatever.png'	[Errno 2] No such file or directory: 'whatever.png'									
409	[Errno 2] No such file or directory: '/pythonwork/thefile_subset11.csv'	[Errno 2] No such file or directory: '/pythonwork/thefile_subset11.csv'	[Errno 2] No such file or directory: '/pythonwork/thefile_subset11.csv'	[Errno 2] No such file or directory: '/pythonwork/thefile_subset11.csv'	[Errno 2] No such file or directory: '/pythonwork/thefile_subset11.csv'	[Errno 2] No such file or directory: '/pythonwork/thefile_subset11.csv'	[Errno 2] No such file or directory: '/pythonwork/thefile_subset11.csv'	[Errno 2] No such file or directory: '/pythonwork/thefile_subset11.csv'	[Errno 2] No such file or directory: '/pythonwork/thefile_subset11.csv'	[Errno 2] No such file or directory: '/pythonwork/thefile_subset11.csv'	[Errno 2] No such file or directory: '/pythonwork/thefile_subset11.csv'	[Errno 2] No such file or directory: '/pythonwork/thefile_subset11.csv'	[Errno 2] No such file or directory: '/pythonwork/thefile_subset11.csv'
706	[Errno 2] No such file or directory: 'your_filename.txt'	[Errno 2] No such file or directory: 'your_filename.txt'	[Errno 2] No such file or directory: 'your_filename.txt'	[Errno 2] No such file or directory: 'your_filename.txt'									
107	[Errno 2] No such file or directory: 'path/to/save/image/to.png'	[Errno 2] No such file or directory: 'path/to/save/image/to.png'	[Errno 2] No such file or directory: 'path/to/save/image/to.png'	[Errno 2] No such file or directory: 'path/to/save/image/to.png'									
798	[Errno 2] No such file or directory: 'C:\\Users\\Bob\\SecretPasswordFile.txt'	[Errno 2] No such file or directory: 'C:\\Users\\Bob\\SecretPasswordFile.txt'	[Errno 2] No such file or directory: 'C:\\Users\\Bob\\SecretPasswordFile.txt'	[Errno 2] No such file or directory: 'C:\\Users\\Bob\\SecretPasswordFile.txt'	[Errno 2] No such file or directory: 'C:\\Users\\Bob\\SecretPasswordFile.txt'	[Errno 2] No such file or directory: 'C:\\Users\\Bob\\SecretPasswordFile.txt'	[Errno 2] No such file or directory: 'C:\\Users\\Bob\\SecretPasswordFile.txt'	[Errno 2] No such file or directory: 'C:\\Users\\Bob\\SecretPasswordFile.txt'	[Errno 2] No such file or directory: 'C:\\Users\\Bob\\SecretPasswordFile.txt'	[Errno 2] No such file or directory: 'C:\\Users\\Bob\\SecretPasswordFile.txt'	[Errno 2] No such file or directory: 'C:\\Users\\Bob\\SecretPasswordFile.txt'	[Errno 2] No such file or directory: 'C:\\Users\\Bob\\SecretPasswordFile.txt'	[Errno 2] No such file or directory: 'C:\\Users\\Bob\\SecretPasswordFile.txt'
485	[Errno 2] No such file or directory: 'C:\\Users\\System-Pc\\Desktop\\ybear.jpg'	[Errno 2] No such file or directory: 'C:\\Users\\System-Pc\\Desktop\\ybear.jpg'	[Errno 2] No such file or directory: 'C:\\Users\\System-Pc\\Desktop\\ybear.jpg'	[Errno 2] No such file or directory: 'C:\\Users\\System-Pc\\Desktop\\ybear.jpg'	[Errno 2] No such file or directory: 'C:\\Users\\System-Pc\\Desktop\\ybear.jpg'	[Errno 2] No such file or directory: 'C:\\Users\\System-Pc\\Desktop\\ybear.jpg'	[Errno 2] No such file or directory: 'C:\\Users\\System-Pc\\Desktop\\ybear.jpg'	[Errno 2] No such file or directory: 'C:\\Users\\System-Pc\\Desktop\\ybear.jpg'	[Errno 2] No such file or directory: 'C:\\Users\\System-Pc\\Desktop\\ybear.jpg'	[Errno 2] No such file or directory: 'C:\\Users\\System-Pc\\Desktop\\ybear.jpg'	[Errno 2] No such file or directory: 'C:\\Users\\System-Pc\\Desktop\\ybear.jpg'	[Errno 2] No such file or directory: 'C:\\Users\\System-Pc\\Desktop\\ybear.jpg'	[Errno 2] No such file or directory: 'C:\\Users\\System-Pc\\Desktop\\ybear.jpg'
406	[Errno 2] No such file or directory: 'C:\\Python27\\Lib\\genericpath.py'	[Errno 2] No such file or directory: 'C:\\Python27\\Lib\\genericpath.py'	[Errno 2] No such file or directory: 'C:\\Python27\\Lib\\genericpath.py'	[Errno 2] No such file or directory: 'C:\\Python27\\Lib\\genericpath.py'	[Errno 2] No such file or directory: 'C:\\Python27\\Lib\\genericpath.py'	[Errno 2] No such file or directory: 'C:\\Python27\\Lib\\genericpath.py'	[Errno 2] No such file or directory: 'C:\\Python27\\Lib\\genericpath.py'	[Errno 2] No such file or directory: 'C:\\Python27\\Lib\\genericpath.py'	[Errno 2] No such file or directory: 'C:\\Python27\\Lib\\genericpath.py'	[Errno 2] No such file or directory: 'C:\\Python27\\Lib\\genericpath.py'	[Errno 2] No such file or directory: 'C:\\Python27\\Lib\\genericpath.py'	[Errno 2] No such file or directory: 'C:\\Python27\\Lib\\genericpath.py'	[Errno 2] No such file or directory: 'C:\\Python27\\Lib\\genericpath.py'
264	[Errno 2] No such file or directory: 'filename.csv'	[Errno 2] No such file or directory: 'filename.csv'	[Errno 2] No such file or directory: 'filename.csv'	[Errno 2] No such file or directory: 'filename.csv'									
610	[Errno 2] No such file or directory: 'foo.txt'	[Errno 2] No such file or directory: 'foo.txt'	[Errno 2] No such file or directory: 'foo.txt'	[Errno 2] No such file or directory: 'foo.txt'									
124	[Errno 2] No such file or directory: 'data.json'	[Errno 2] No such file or directory: 'data.json'	[Errno 2] No such file or directory: 'data.json'	[Errno 2] No such file or directory: 'data.json'									
331	[Errno 2] No such file or directory: 'file.zip'	[Errno 2] No such file or directory: 'file.zip'	[Errno 2] No such file or directory: 'file.zip'	[Errno 2] No such file or directory: 'file.zip'									
602	[Errno 2] No such file or directory: './content.xml'	[Errno 2] No such file or directory: './content.xml'	[Errno 2] No such file or directory: './content.xml'	[Errno 2] No such file or directory: './content.xml'									
520	[Errno 2] No such file or directory: '/path/to/file/on/local/machine'	[Errno 2] No such file or directory: '/path/to/file/on/local/machine'	[Errno 2] No such file or directory: '/path/to/file/on/local/machine'	[Errno 2] No such file or directory: '/path/to/file/on/local/machine'	[Errno 2] No such file or directory: '/path/to/file/on/local/machine'	[Errno 2] No such file or directory: '/path/to/file/on/local/machine'	[Errno 2] No such file or directory: '/path/to/file/on/local/machine'	[Errno 2] No such file or directory: '/path/to/file/on/local/machine'	[Errno 2] No such file or directory: '/path/to/file/on/local/machine'	[Errno 2] No such file or directory: '/path/to/file/on/local/machine'	[Errno 2] No such file or directory: '/path/to/file/on/local/machine'	[Errno 2] No such file or directory: '/path/to/file/on/local/machine'	[Errno 2] No such file or directory: '/path/to/file/on/local/machine'
75	yourfile.dat not found.	yourfile.dat not found.	yourfile.dat not found.	yourfile.dat not found.									
701	[Errno 2] No such file or directory: 'path/to/config.yml'	[Errno 2] No such file or directory: 'path/to/config.yml'	[Errno 2] No such file or directory: 'path/to/config.yml'	[Errno 2] No such file or directory: 'path/to/config.yml'									
647	File strings.json does not exist	File strings.json does not exist	File strings.json does not exist	File strings.json does not exist	Expected object or value	Expected object or value	Expected object or value	Expected object or value	Expected object or value	Expected object or value	Expected object or value	Expected object or value	Expected object or value
7	creationflags is only supported on Windows platforms	creationflags is only supported on Windows platforms	creationflags is only supported on Windows platforms	creationflags is only supported on Windows platforms	creationflags is only supported on Windows platforms	creationflags is only supported on Windows platforms	creationflags is only supported on Windows platforms	creationflags is only supported on Windows platforms	creationflags is only supported on Windows platforms	creationflags is only supported on Windows platforms	creationflags is only supported on Windows platforms	creationflags is only supported on Windows platforms	creationflags is only supported on Windows platforms
324	Invalid email address.	Invalid email address.	Invalid email address.	Invalid email address.	Invalid email address.	Invalid email address.	Invalid email address.	Invalid email address.	Invalid email address.	Invalid email address.	Invalid email address.	Invalid email address.	Invalid email address.
379	No objects to concatenate	No objects to concatenate	No objects to concatenate	No objects to concatenate	No objects to concatenate	No objects to concatenate	No objects to concatenate	No objects to concatenate	No objects to concatenate	No objects to concatenate	No objects to concatenate	No objects to concatenate	No objects to concatenate
454	can't have unbuffered text I/O	can't have unbuffered text I/O	can't have unbuffered text I/O	can't have unbuffered text I/O	can't have unbuffered text I/O	can't have unbuffered text I/O	can't have unbuffered text I/O	can't have unbuffered text I/O	can't have unbuffered text I/O	can't have unbuffered text I/O	can't have unbuffered text I/O	can't have unbuffered text I/O	can't have unbuffered text I/O
118	can't have unbuffered text I/O	can't have unbuffered text I/O	can't have unbuffered text I/O	can't have unbuffered text I/O	can't have unbuffered text I/O	can't have unbuffered text I/O	can't have unbuffered text I/O	can't have unbuffered text I/O	can't have unbuffered text I/O	can't have unbuffered text I/O	can't have unbuffered text I/O	can't have unbuffered text I/O	can't have unbuffered text I/O
151	No module named 'app.module_one'	No module named 'app.module_one'	No module named 'app.module_one'	No module named 'app.module_one'	No module named 'app.module_one'								
24	No module named 'vehicle_parts'	No module named 'vehicle_parts'	No module named 'vehicle_parts'	No module named 'vehicle_parts'	No module named 'vehicle_parts'								
105	No module named 'speed_testpy'	No module named 'speed_testpy'	No module named 'speed_testpy'	No module named 'speed_testpy'	No module named 'speed_testpy'								
115	No module named 'foo'	No module named 'foo'	No module named 'foo'	No module named 'foo'	No module named 'foo'								
322	No module named 'Desktop'	No module named 'Desktop'	No module named 'Desktop'	No module named 'Desktop'	No module named 'Desktop'								
15	No module named 'TestPy'	No module named 'TestPy'	No module named 'TestPy'	No module named 'TestPy'	No module named 'TestPy'								
804	No module named 'foo'	No module named 'foo'	No module named 'foo'	No module named 'foo'	No module named 'foo'								
321	No module named 'urlparse'	No module named 'urlparse'	No module named 'urlparse'	No module named 'urlparse'	No module named 'urlparse'								
381	No module named 'test.b'	No module named 'test.b'	No module named 'test.b'	No module named 'test.b'	No module named 'test.b'								
233	No module named 'file_name'	No module named 'file_name'	No module named 'file_name'	No module named 'file_name'	No module named 'file_name'								
777	type.__new__() argument 3 must be dict, not TBD0	type.__new__() argument 3 must be dict, not TBD0	type.__new__() argument 3 must be dict, not TBD0	type.__new__() argument 3 must be dict, not TBD0	type.__new__() argument 3 must be dict, not TBD0	type.__new__() argument 3 must be dict, not TBD0	type.__new__() argument 3 must be dict, not TBD0	type.__new__() argument 3 must be dict, not TBD0	type.__new__() argument 3 must be dict, not TBD0	type.__new__() argument 3 must be dict, not TBD0	type.__new__() argument 3 must be dict, not TBD0	type.__new__() argument 3 must be dict, not TBD0	type.__new__() argument 3 must be dict, not TBD0
793	cannot unpack non-iterable PathCollection object	cannot unpack non-iterable PathCollection object	cannot unpack non-iterable PathCollection object	cannot unpack non-iterable PathCollection object	cannot unpack non-iterable PathCollection object	cannot unpack non-iterable PathCollection object	cannot unpack non-iterable PathCollection object	cannot unpack non-iterable PathCollection object	cannot unpack non-iterable PathCollection object	cannot unpack non-iterable PathCollection object	cannot unpack non-iterable PathCollection object	cannot unpack non-iterable PathCollection object	cannot unpack non-iterable PathCollection object
623	'module' object is not callable	'module' object is not callable	'module' object is not callable	'module' object is not callable	'module' object is not callable	'module' object is not callable	'module' object is not callable	'module' object is not callable	'module' object is not callable	'module' object is not callable	'module' object is not callable	'module' object is not callable	'module' object is not callable
354	'str' object cannot be interpreted as an integer	'str' object cannot be interpreted as an integer	'str' object cannot be interpreted as an integer	'str' object cannot be interpreted as an integer	'str' object cannot be interpreted as an integer	'str' object cannot be interpreted as an integer	'str' object cannot be interpreted as an integer	'str' object cannot be interpreted as an integer	'str' object cannot be interpreted as an integer	'str' object cannot be interpreted as an integer	'str' object cannot be interpreted as an integer	'str' object cannot be interpreted as an integer	'str' object cannot be interpreted as an integer
743	'foo' is an invalid keyword argument for print()	'foo' is an invalid keyword argument for print()	'foo' is an invalid keyword argument for print()	'foo' is an invalid keyword argument for print()	'foo' is an invalid keyword argument for print()	'foo' is an invalid keyword argument for print()	'foo' is an invalid keyword argument for print()	'foo' is an invalid keyword argument for print()	'foo' is an invalid keyword argument for print()	'foo' is an invalid keyword argument for print()	'foo' is an invalid keyword argument for print()	'foo' is an invalid keyword argument for print()	'foo' is an invalid keyword argument for print()
206	download() missing 1 required positional argument: 'urls'	download() missing 1 required positional argument: 'urls'	download() missing 1 required positional argument: 'urls'	download() missing 1 required positional argument: 'urls'	download() missing 1 required positional argument: 'urls'	download() missing 1 required positional argument: 'urls'	download() missing 1 required positional argument: 'urls'	download() missing 1 required positional argument: 'urls'	download() missing 1 required positional argument: 'urls'	download() missing 1 required positional argument: 'urls'	download() missing 1 required positional argument: 'urls'	download() missing 1 required positional argument: 'urls'	download() missing 1 required positional argument: 'urls'
708	unsupported operand type(s) for *: 'TBD0' and 'int'	unsupported operand type(s) for *: 'TBD0' and 'int'	unsupported operand type(s) for *: 'TBD0' and 'int'	unsupported operand type(s) for *: 'TBD0' and 'int'	unsupported operand type(s) for *: 'TBD0' and 'int'	unsupported operand type(s) for *: 'TBD0' and 'int'	unsupported operand type(s) for *: 'TBD0' and 'int'	unsupported operand type(s) for *: 'TBD0' and 'int'	unsupported operand type(s) for *: 'TBD0' and 'int'				
744	float() argument must be a string or a real number, not 'ellipsis'	float() argument must be a string or a real number, not 'ellipsis'	float() argument must be a string or a real number, not 'ellipsis'	float() argument must be a string or a real number, not 'ellipsis'	float() argument must be a string or a real number, not 'ellipsis'	float() argument must be a string or a real number, not 'ellipsis'	float() argument must be a string or a real number, not 'ellipsis'	float() argument must be a string or a real number, not 'ellipsis'	float() argument must be a string or a real number, not 'ellipsis'	float() argument must be a string or a real number, not 'ellipsis'	float() argument must be a string or a real number, not 'ellipsis'	float() argument must be a string or a real number, not 'ellipsis'	float() argument must be a string or a real number, not 'ellipsis'
445	'TBD1' object has no attribute 'items'	'TBD1' object has no attribute 'items'	'TBD2' object is not iterable	'TBD2' object is not iterable	'TBD2' object is not iterable	'TBD2' object is not iterable	1	1	1	1			
738	'TBD0' object has no attribute 'update'	'TBD0' object has no attribute 'update'	name 'filepath' is not defined	[Errno 2] No such file or directory: '/path/to/somefile.py'	[Errno 2] No such file or directory: '/path/to/somefile.py'	[Errno 2] No such file or directory: '/path/to/somefile.py'	[Errno 2] No such file or directory: '/path/to/somefile.py'	[Errno 2] No such file or directory: '/path/to/somefile.py'	[Errno 2] No such file or directory: '/path/to/somefile.py'	[Errno 2] No such file or directory: '/path/to/somefile.py'	[Errno 2] No such file or directory: '/path/to/somefile.py'	[Errno 2] No such file or directory: '/path/to/somefile.py'	[Errno 2] No such file or directory: '/path/to/somefile.py'
14	'TBD0' object has no attribute 'items'	'TBD0' object has no attribute 'items'	'TBD1' object is not iterable	'TBD1' object is not iterable	'TBD1' object is not iterable	'TBD1' object is not iterable							
515	'TBD0' object has no attribute 'append'	'TBD0' object has no attribute 'append'	'TBD1' object is not subscriptable	'TBD1' object is not subscriptable	'TBD1' object is not subscriptable	'TBD1' object is not subscriptable							
685	'str' object has no attribute 'decode'. Did you mean: 'encode'?	'str' object has no attribute 'decode'. Did you mean: 'encode'?	'str' object has no attribute 'decode'. Did you mean: 'encode'?	'str' object has no attribute 'decode'. Did you mean: 'encode'?	'str' object has no attribute 'decode'. Did you mean: 'encode'?	'str' object has no attribute 'decode'. Did you mean: 'encode'?	'str' object has no attribute 'decode'. Did you mean: 'encode'?	'str' object has no attribute 'decode'. Did you mean: 'encode'?	'str' object has no attribute 'decode'. Did you mean: 'encode'?	'str' object has no attribute 'decode'. Did you mean: 'encode'?	'str' object has no attribute 'decode'. Did you mean: 'encode'?	'str' object has no attribute 'decode'. Did you mean: 'encode'?	'str' object has no attribute 'decode'. Did you mean: 'encode'?
565	'TBD1' object has no attribute 'next'	'TBD1' object has no attribute 'next'											
47	name 'df' is not defined	name 'df' is not defined	name 'df' is not defined	'TBD2' object is not subscriptable	'TBD2' object is not subscriptable	'TBD2' object is not subscriptable	0	0	0	0			
286	name 'lines' is not defined	name 'lines' is not defined	name 'lines' is not defined	'TBD0' object is not iterable	'TBD0' object is not iterable	'TBD0' object is not iterable							
159	name 'df' is not defined	name 'df' is not defined	name 'df' is not defined										
690	name 'T1' is not defined	name 'T1' is not defined	name 'T1' is not defined	'TBD0' object is not iterable	'TBD0' object is not iterable	'TBD0' object is not iterable							
639	name 'Out' is not defined. Did you mean: 'oct'?	name 'Out' is not defined. Did you mean: 'oct'?	name 'Out' is not defined. Did you mean: 'oct'?										
629	name 'o' is not defined	name 'o' is not defined	name 'o' is not defined										
723	name 'o' is not defined	name 'o' is not defined	name 'o' is not defined										
150	name 'this' is not defined	name 'this' is not defined	name 'this' is not defined										
140	name 's' is not defined	name 's' is not defined	name 's' is not defined	encoding without a string argument	encoding without a string argument	encoding without a string argument	encoding without a string argument	encoding without a string argument	encoding without a string argument	encoding without a string argument	encoding without a string argument	encoding without a string argument	encoding without a string argument
812	name 'keys' is not defined	name 'keys' is not defined	'function' object is not iterable	'function' object is not iterable	'function' object is not iterable	'function' object is not iterable	'function' object is not iterable	'function' object is not iterable	'function' object is not iterable	'function' object is not iterable	'function' object is not iterable	'function' object is not iterable	'function' object is not iterable
652	name 'df' is not defined	name 'df' is not defined	name 'df' is not defined										
209	name 'X' is not defined	name 'X' is not defined	name 'X' is not defined	'TBD0' object is not iterable	'TBD0' object is not iterable	'TBD0' object is not iterable							
71	name 'variable_name' is not defined	name 'variable_name' is not defined	name 'variable_name' is not defined										
313	name 'df' is not defined	name 'df' is not defined	name 'df' is not defined										
303	name 'a' is not defined	name 'a' is not defined	name 'a' is not defined										
748	name 'df' is not defined	name 'df' is not defined	name 'df' is not defined	unsupported operand type(s) for /: 'TBD0' and 'TBD2'	unsupported operand type(s) for /: 'TBD0' and 'TBD2'	unsupported operand type(s) for /: 'TBD0' and 'TBD2'	unsupported operand type(s) for /: 'TBD0' and 'TBD2'	unsupported operand type(s) for /: 'TBD0' and 'TBD2'	unsupported operand type(s) for /: 'TBD0' and 'TBD2'				
237	name 'argparse' is not defined												
462	name 'self' is not defined	name 'self' is not defined	name 'self' is not defined										
714	name 'stuff' is not defined	name 'stuff' is not defined	name 'stuff' is not defined	'TBD0' object is not iterable	'TBD0' object is not iterable	'TBD0' object is not iterable							
704	name 'sys' is not defined	Your Python interpreter must be 2.7 or greater (within major version 2)	Your Python interpreter must be 2.7 or greater (within major version 2)	Your Python interpreter must be 2.7 or greater (within major version 2)	Your Python interpreter must be 2.7 or greater (within major version 2)	Your Python interpreter must be 2.7 or greater (within major version 2)	Your Python interpreter must be 2.7 or greater (within major version 2)	Your Python interpreter must be 2.7 or greater (within major version 2)	Your Python interpreter must be 2.7 or greater (within major version 2)	Your Python interpreter must be 2.7 or greater (within major version 2)	Your Python interpreter must be 2.7 or greater (within major version 2)	Your Python interpreter must be 2.7 or greater (within major version 2)	Your Python interpreter must be 2.7 or greater (within major version 2)
813	name 'c' is not defined	name 'c' is not defined	name 'c' is not defined										
123	name 'b' is not defined	name 'b' is not defined	name 'b' is not defined	isinstance() arg 2 must be a type, a tuple of types, or a union	isinstance() arg 2 must be a type, a tuple of types, or a union	isinstance() arg 2 must be a type, a tuple of types, or a union	isinstance() arg 2 must be a type, a tuple of types, or a union	isinstance() arg 2 must be a type, a tuple of types, or a union	isinstance() arg 2 must be a type, a tuple of types, or a union	isinstance() arg 2 must be a type, a tuple of types, or a union	isinstance() arg 2 must be a type, a tuple of types, or a union	isinstance() arg 2 must be a type, a tuple of types, or a union	isinstance() arg 2 must be a type, a tuple of types, or a union
12	name 'a' is not defined	name 'a' is not defined	name 'a' is not defined	'TBD0' object is not subscriptable	'TBD0' object is not subscriptable	'TBD0' object is not subscriptable	'<' not supported between instances of 'TBD1' and 'int'	'<' not supported between instances of 'TBD1' and 'int'	'<' not supported between instances of 'TBD1' and 'int'	'TBD3' object cannot be interpreted as an integer	'TBD3' object cannot be interpreted as an integer		
792	name 'Pump' is not defined	name 'Pump' is not defined	'function' object has no attribute 'getPumps'	'function' object has no attribute 'getPumps'	'function' object has no attribute 'getPumps'	'function' object has no attribute 'getPumps'	'function' object has no attribute 'getPumps'	'function' object has no attribute 'getPumps'	'function' object has no attribute 'getPumps'	'function' object has no attribute 'getPumps'	'function' object has no attribute 'getPumps'	'function' object has no attribute 'getPumps'	'function' object has no attribute 'getPumps'
653	name 'plt' is not defined	[Errno 2] No such file or directory: 'example_3_band_image.jpg'	[Errno 2] No such file or directory: 'example_3_band_image.jpg'	[Errno 2] No such file or directory: 'example_3_band_image.jpg'									
749	name 'bigdict' is not defined	name 'bigdict' is not defined	name 'bigdict' is not defined	'TBD2' object is not iterable	'TBD2' object is not iterable	'TBD2' object is not iterable							
621	name 'df1' is not defined	name 'df1' is not defined	name 'df1' is not defined	'TBD2' object is not subscriptable	'TBD2' object is not subscriptable	'TBD2' object is not subscriptable							
759	name 'sample' is not defined	name 'sample' is not defined	name 'sample' is not defined	'TBD2' object is not callable	'TBD2' object is not callable	'TBD2' object is not callable	'TBD2' object is not callable	Object of type TBD0 is not JSON serializable	Object of type TBD0 is not JSON serializable	Object of type TBD0 is not JSON serializable	Object of type TBD0 is not JSON serializable	Object of type TBD0 is not JSON serializable	Object of type TBD0 is not JSON serializable
688	name 'plt' is not defined												
698	name 'Reserved' is not defined. Did you mean: 'reversed'?	name 'Reserved' is not defined. Did you mean: 'reversed'?	name 'Reserved' is not defined. Did you mean: 'reversed'?										
60	name 'sys' is not defined												
607	name 're' is not defined												
571	name 'sys' is not defined	module 'sys' has no attribute 'exc_clear'											
561	name 'outfile' is not defined	name 'outfile' is not defined	name 'outfile' is not defined										
158	name 'df' is not defined	name 'df' is not defined	name 'df' is not defined	'TBD4' object is not subscriptable	'TBD4' object is not subscriptable	'TBD4' object is not subscriptable	0	0	0	0	'TBD6' object cannot be interpreted as an integer		
287	name 'directory' is not defined	name 'directory' is not defined	name 'directory' is not defined	listdir: path should be string, bytes, os.PathLike, integer or None, not TBD0	listdir: path should be string, bytes, os.PathLike, integer or None, not TBD0	listdir: path should be string, bytes, os.PathLike, integer or None, not TBD0	listdir: path should be string, bytes, os.PathLike, integer or None, not TBD0	listdir: path should be string, bytes, os.PathLike, integer or None, not TBD0	listdir: path should be string, bytes, os.PathLike, integer or None, not TBD0	listdir: path should be string, bytes, os.PathLike, integer or None, not TBD0	listdir: path should be string, bytes, os.PathLike, integer or None, not TBD0		
426	name 'df' is not defined	name 'df' is not defined	name 'df' is not defined										
638	name 'filename' is not defined	name 'filename' is not defined	name 'filename' is not defined	utime: path should be string, bytes, os.PathLike or integer, not TBD0	utime: path should be string, bytes, os.PathLike or integer, not TBD0	utime: path should be string, bytes, os.PathLike or integer, not TBD0	utime: path should be string, bytes, os.PathLike or integer, not TBD0	utime: path should be string, bytes, os.PathLike or integer, not TBD0	utime: path should be string, bytes, os.PathLike or integer, not TBD0	utime: path should be string, bytes, os.PathLike or integer, not TBD0	utime: path should be string, bytes, os.PathLike or integer, not TBD0	[Errno 2] No such file or directory	[Errno 2] No such file or directory
740	name 'np' is not defined												
681	name 'my_str' is not defined	name 'my_str' is not defined	name 'my_str' is not defined	expected string or bytes-like object, got 'TBD0'	expected string or bytes-like object, got 'TBD0'	expected string or bytes-like object, got 'TBD0'	expected string or bytes-like object, got 'TBD0'	expected string or bytes-like object, got 'TBD0'	expected string or bytes-like object, got 'TBD0'	expected string or bytes-like object, got 'TBD0'	expected string or bytes-like object, got 'TBD0'		
722	name 'df' is not defined	name 'df' is not defined	name 'df' is not defined	'TBD1' object is not subscriptable	'TBD1' object is not subscriptable	'TBD1' object is not subscriptable	False	False	False	False			
177	name 'your_object' is not defined	name 'your_object' is not defined	name 'your_object' is not defined										
369	name 'mydict' is not defined. Did you mean: 'dict'?	name 'mydict' is not defined. Did you mean: 'dict'?	name 'mydict' is not defined. Did you mean: 'dict'?	'TBD1' object is not iterable	'TBD1' object is not iterable	'TBD1' object is not iterable							
211	name 'os' is not defined	name 'CANDIDATE_BRANCH' is not defined	name 'CANDIDATE_BRANCH' is not defined										
764	name 'User' is not defined	name 'User' is not defined	name 'User' is not defined										
774	name 'np' is not defined	name 'M' is not defined	name 'M' is not defined	'TBD0' object is not subscriptable	'TBD0' object is not subscriptable	'TBD0' object is not subscriptable	unhashable type: 'slice'	unhashable type: 'slice'	unhashable type: 'slice'	unhashable type: 'slice'	unhashable type: 'slice'	unhashable type: 'slice'	unhashable type: 'slice'
131	name 'Path' is not defined	name 'Path' is not defined	package must be a string	package must be a string	package must be a string	package must be a string	package must be a string	package must be a string	package must be a string	package must be a string	package must be a string	package must be a string	package must be a string
716	name 'foo' is not defined	name 'foo' is not defined	name 'foo' is not defined	unsupported operand type(s) for +: 'TBD1' and 'TBD2'	unsupported operand type(s) for +: 'TBD1' and 'TBD2'	unsupported operand type(s) for +: 'TBD1' and 'TBD2'	unsupported operand type(s) for +: 'TBD1' and 'TBD2'	unsupported operand type(s) for +: 'TBD1' and 'TBD2'	unsupported operand type(s) for +: 'TBD1' and 'TBD2'				
518	name 'df' is not defined	name 'df' is not defined	name 'df' is not defined	unsupported operand type(s) for +: 'TBD15' and 'TBD16'	unsupported operand type(s) for +: 'TBD15' and 'TBD16'	unsupported operand type(s) for +: 'TBD15' and 'TBD16'	unsupported operand type(s) for +: 'TBD15' and 'TBD16'	unsupported operand type(s) for +: 'TBD15' and 'TBD16'	unsupported operand type(s) for +: 'TBD15' and 'TBD16'				
268	name 'Model' is not defined	name 'Model' is not defined	name 'Model' is not defined										
62	name 'random' is not defined	Population must be a sequence.  For dicts or sets, use sorted(d).	Population must be a sequence.  For dicts or sets, use sorted(d).	Population must be a sequence.  For dicts or sets, use sorted(d).	Population must be a sequence.  For dicts or sets, use sorted(d).	Population must be a sequence.  For dicts or sets, use sorted(d).	Population must be a sequence.  For dicts or sets, use sorted(d).	Population must be a sequence.  For dicts or sets, use sorted(d).	Population must be a sequence.  For dicts or sets, use sorted(d).	Population must be a sequence.  For dicts or sets, use sorted(d).	Population must be a sequence.  For dicts or sets, use sorted(d).	Population must be a sequence.  For dicts or sets, use sorted(d).	Population must be a sequence.  For dicts or sets, use sorted(d).
780	name 'pd' is not defined. Did you mean: 'id'?	name 'identical' is not defined	name 'iris1' is not defined	'builtin_function_or_method' object has no attribute 'equal'	'builtin_function_or_method' object has no attribute 'equal'	'builtin_function_or_method' object has no attribute 'equal'	'builtin_function_or_method' object has no attribute 'equal'	'builtin_function_or_method' object has no attribute 'equal'	'builtin_function_or_method' object has no attribute 'equal'	'builtin_function_or_method' object has no attribute 'equal'	'builtin_function_or_method' object has no attribute 'equal'	'builtin_function_or_method' object has no attribute 'equal'	'builtin_function_or_method' object has no attribute 'equal'
362	name 'string_to_split' is not defined	name 'string_to_split' is not defined	name 'string_to_split' is not defined	expected string or bytes-like object, got 'TBD1'	expected string or bytes-like object, got 'TBD1'	expected string or bytes-like object, got 'TBD1'	expected string or bytes-like object, got 'TBD1'	expected string or bytes-like object, got 'TBD1'	expected string or bytes-like object, got 'TBD1'	expected string or bytes-like object, got 'TBD1'	expected string or bytes-like object, got 'TBD1'		
501	name 'items' is not defined. Did you mean: 'iter'?	name 'items' is not defined. Did you mean: 'iter'?	name 'items' is not defined. Did you mean: 'iter'?										
479	name 'request' is not defined	name 'request' is not defined	name 'request' is not defined										
36	name 'ChildB' is not defined	name 'ChildB' is not defined	name 'ChildB' is not defined	'TBD0' object is not callable	'TBD0' object is not callable	'TBD0' object is not callable	'TBD0' object is not callable						
563	name 'numpy' is not defined	[Errno 2] No such file or directory: 'data'	[Errno 2] No such file or directory: 'data'	[Errno 2] No such file or directory: 'data'	cannot reshape array of size 7 into shape (100,100,100)	cannot reshape array of size 7 into shape (100,100,100)	cannot reshape array of size 7 into shape (100,100,100)	cannot reshape array of size 7 into shape (100,100,100)	cannot reshape array of size 7 into shape (100,100,100)	cannot reshape array of size 7 into shape (100,100,100)	cannot reshape array of size 7 into shape (100,100,100)	cannot reshape array of size 7 into shape (100,100,100)	cannot reshape array of size 7 into shape (100,100,100)
138	name 'your_object' is not defined	name 'your_object' is not defined	name 'your_object' is not defined										
587	name 'condition' is not defined	name 'condition' is not defined	name 'condition' is not defined										
446	name 'app' is not defined	name 'app' is not defined	name 'app' is not defined										
175	name 'count' is not defined. Did you mean: 'round'?	name 'count' is not defined. Did you mean: 'round'?	name 'count' is not defined. Did you mean: 'round'?	unsupported operand type(s) for +: 'TBD1' and 'int'	unsupported operand type(s) for +: 'TBD1' and 'int'	unsupported operand type(s) for +: 'TBD1' and 'int'	unsupported operand type(s) for +: 'TBD1' and 'int'	unsupported operand type(s) for +: 'TBD1' and 'int'	unsupported operand type(s) for +: 'TBD1' and 'int'				
309	name 'Any' is not defined. Did you mean: 'any'?	name 'Any' is not defined. Did you mean: 'any'?	name 'Any' is not defined. Did you mean: 'any'?										
271	name 'Cheese' is not defined	name 'Cheese' is not defined	name 'Cheese' is not defined										
261	name 'somelist' is not defined	name 'somelist' is not defined	name 'somelist' is not defined	'TBD0' object is not iterable	'TBD0' object is not iterable	'TBD0' object is not iterable							
434	name 're' is not defined												
355	name '_' is not defined	name '_' is not defined	name '_' is not defined	unsupported operand type(s) for *: 'TBD0' and 'int'	unsupported operand type(s) for *: 'TBD0' and 'int'	unsupported operand type(s) for *: 'TBD0' and 'int'	unsupported operand type(s) for *: 'TBD0' and 'int'	unsupported operand type(s) for *: 'TBD0' and 'int'	unsupported operand type(s) for *: 'TBD0' and 'int'				
478	name 'soup' is not defined	name 'soup' is not defined	name 'soup' is not defined										
190	name 'ut' is not defined	name 'ut' is not defined	name 'ut' is not defined										
45	name 'my_crappy_range' is not defined	name 'my_crappy_range' is not defined	'TBD4' object is not iterable	'TBD4' object is not iterable	'TBD4' object is not iterable	'TBD4' object is not iterable							
447	name 'my_model' is not defined	name 'my_model' is not defined	name 'my_model' is not defined	[Errno 2] Unable to open file (unable to open file: name = 'my_model.h5', errno = 2, error message = 'No such file or directory', flags = 0, o_flags = 0)	[Errno 2] Unable to open file (unable to open file: name = 'my_model.h5', errno = 2, error message = 'No such file or directory', flags = 0, o_flags = 0)	[Errno 2] Unable to open file (unable to open file: name = 'my_model.h5', errno = 2, error message = 'No such file or directory', flags = 0, o_flags = 0)	[Errno 2] Unable to open file (unable to open file: name = 'my_model.h5', errno = 2, error message = 'No such file or directory', flags = 0, o_flags = 0)	[Errno 2] Unable to open file (unable to open file: name = 'my_model.h5', errno = 2, error message = 'No such file or directory', flags = 0, o_flags = 0)	[Errno 2] Unable to open file (unable to open file: name = 'my_model.h5', errno = 2, error message = 'No such file or directory', flags = 0, o_flags = 0)	[Errno 2] Unable to open file (unable to open file: name = 'my_model.h5', errno = 2, error message = 'No such file or directory', flags = 0, o_flags = 0)	[Errno 2] Unable to open file (unable to open file: name = 'my_model.h5', errno = 2, error message = 'No such file or directory', flags = 0, o_flags = 0)	[Errno 2] Unable to open file (unable to open file: name = 'my_model.h5', errno = 2, error message = 'No such file or directory', flags = 0, o_flags = 0)	[Errno 2] Unable to open file (unable to open file: name = 'my_model.h5', errno = 2, error message = 'No such file or directory', flags = 0, o_flags = 0)
788	name 'data' is not defined	name 'data' is not defined	name 'data' is not defined	Object of type TBD0 is not JSON serializable	Object of type TBD0 is not JSON serializable	Object of type TBD0 is not JSON serializable	Object of type TBD0 is not JSON serializable	Object of type TBD0 is not JSON serializable	Object of type TBD0 is not JSON serializable	Object of type TBD0 is not JSON serializable	Object of type TBD0 is not JSON serializable	Object of type TBD0 is not JSON serializable	Object of type TBD0 is not JSON serializable
586	name 'pd' is not defined. Did you mean: 'id'?	name 'p_file' is not defined	name 'p_file' is not defined	read_csv() got an unexpected keyword argument 'error_bad_lines'	read_csv() got an unexpected keyword argument 'error_bad_lines'	read_csv() got an unexpected keyword argument 'error_bad_lines'	read_csv() got an unexpected keyword argument 'error_bad_lines'	read_csv() got an unexpected keyword argument 'error_bad_lines'	read_csv() got an unexpected keyword argument 'error_bad_lines'	read_csv() got an unexpected keyword argument 'error_bad_lines'	read_csv() got an unexpected keyword argument 'error_bad_lines'	read_csv() got an unexpected keyword argument 'error_bad_lines'	read_csv() got an unexpected keyword argument 'error_bad_lines'
692	name 'df_str' is not defined	name 'df_str' is not defined	name 'df_str' is not defined	initial_value must be str or None, not TBD2	initial_value must be str or None, not TBD2	initial_value must be str or None, not TBD2	initial_value must be str or None, not TBD2	initial_value must be str or None, not TBD2	initial_value must be str or None, not TBD2	initial_value must be str or None, not TBD2	initial_value must be str or None, not TBD2		
682	name 'BeautifulSoup' is not defined	name 'BeautifulSoup' is not defined	name 'html_doc' is not defined										
435	name 'command' is not defined	name 'command' is not defined	name 'command' is not defined	No module named 'myapp.commands'	No module named 'myapp.commands'								
318	name 'text' is not defined. Did you mean: 'next'?	name 'text' is not defined. Did you mean: 'next'?	name 'text' is not defined. Did you mean: 'next'?	'TBD3' object is not iterable	'TBD3' object is not iterable	'TBD3' object is not iterable							
413	name 'values' is not defined	name 'values' is not defined	name 'values' is not defined	'TBD0' object is not iterable	'TBD0' object is not iterable	'TBD0' object is not iterable	min() arg is an empty sequence	min() arg is an empty sequence	min() arg is an empty sequence	min() arg is an empty sequence	min() arg is an empty sequence	min() arg is an empty sequence	min() arg is an empty sequence
130	name 'data' is not defined	name 'data' is not defined	name 'data' is not defined										
775	name 'json' is not defined	name 'your_json_data' is not defined	name 'your_json_data' is not defined										
224	name 'dictionary' is not defined	name 'dictionary' is not defined	name 'dictionary' is not defined										
632	name 'SomeClass' is not defined	name 'SomeClass' is not defined	name '_param1_value' is not defined	isinstance() arg 2 must be a type, a tuple of types, or a union	isinstance() arg 2 must be a type, a tuple of types, or a union	isinstance() arg 2 must be a type, a tuple of types, or a union	isinstance() arg 2 must be a type, a tuple of types, or a union	isinstance() arg 2 must be a type, a tuple of types, or a union	isinstance() arg 2 must be a type, a tuple of types, or a union	isinstance() arg 2 must be a type, a tuple of types, or a union	isinstance() arg 2 must be a type, a tuple of types, or a union	isinstance() arg 2 must be a type, a tuple of types, or a union	isinstance() arg 2 must be a type, a tuple of types, or a union
536	name 'start_date' is not defined	name 'start_date' is not defined	name 'start_date' is not defined	int() argument must be a string, a bytes-like object or a real number, not 'TBD1'	int() argument must be a string, a bytes-like object or a real number, not 'TBD1'	int() argument must be a string, a bytes-like object or a real number, not 'TBD1'	int() argument must be a string, a bytes-like object or a real number, not 'TBD1'	int() argument must be a string, a bytes-like object or a real number, not 'TBD1'	int() argument must be a string, a bytes-like object or a real number, not 'TBD1'	int() argument must be a string, a bytes-like object or a real number, not 'TBD1'	int() argument must be a string, a bytes-like object or a real number, not 'TBD1'	invalid literal for int() with base 10: TBD1	
650	name 'line' is not defined. Did you mean: 'slice'?	name 'line' is not defined. Did you mean: 'slice'?	name 'line' is not defined. Did you mean: 'slice'?	expected string or bytes-like object, got 'TBD0'	expected string or bytes-like object, got 'TBD0'	expected string or bytes-like object, got 'TBD0'	expected string or bytes-like object, got 'TBD0'	expected string or bytes-like object, got 'TBD0'	expected string or bytes-like object, got 'TBD0'	expected string or bytes-like object, got 'TBD0'	expected string or bytes-like object, got 'TBD0'		
490	name 'number' is not defined	name 'number' is not defined	name 'number' is not defined	'<=' not supported between instances of 'int' and 'TBD0'	'<=' not supported between instances of 'int' and 'TBD0'	'<=' not supported between instances of 'int' and 'TBD0'	'<=' not supported between instances of 'int' and 'TBD0'	'<=' not supported between instances of 'int' and 'TBD0'	'<=' not supported between instances of 'int' and 'TBD0'				
541	name 'Out' is not defined. Did you mean: 'oct'?	name 'Out' is not defined. Did you mean: 'oct'?	name 'Out' is not defined. Did you mean: 'oct'?										
429	name 'groupby' is not defined	name 'groupby' is not defined											
125	name 'df' is not defined	name 'df' is not defined	name 'df' is not defined	'TBD2' object is not subscriptable	'TBD2' object is not subscriptable	'TBD2' object is not subscriptable	'list' object has no attribute 'tolist'	'list' object has no attribute 'tolist'	'list' object has no attribute 'tolist'	'list' object has no attribute 'tolist'	'list' object has no attribute 'tolist'	'list' object has no attribute 'tolist'	'list' object has no attribute 'tolist'
618	name 'df' is not defined	name 'df' is not defined	name 'df' is not defined										
770	name 'my_dict' is not defined	name 'my_dict' is not defined	name 'my_dict' is not defined	'TBD1' object is not iterable	'TBD1' object is not iterable	'TBD1' object is not iterable	list index out of range	list index out of range	list index out of range	list index out of range	list index out of range	list index out of range	list index out of range
416	name 'df' is not defined	name 'df' is not defined	name 'df' is not defined	'module' object is not callable	'module' object is not callable	'module' object is not callable	'module' object is not callable	'module' object is not callable	'module' object is not callable	'module' object is not callable	'module' object is not callable	'module' object is not callable	'module' object is not callable
392	name 'pd' is not defined. Did you mean: 'id'?	[Errno 2] No such file or directory: 'filename.csv'	[Errno 2] No such file or directory: 'filename.csv'	[Errno 2] No such file or directory: 'filename.csv'	Index Unnamed: 0 invalid	Index Unnamed: 0 invalid	Index Unnamed: 0 invalid	Index Unnamed: 0 invalid	Index Unnamed: 0 invalid	Index Unnamed: 0 invalid	Index Unnamed: 0 invalid	Index Unnamed: 0 invalid	Index Unnamed: 0 invalid
382	name 'plot_figure' is not defined	name 'plot_figure' is not defined	close() argument must be a Figure, an int, a string, or None, not <class '__main__.TBD0'>	close() argument must be a Figure, an int, a string, or None, not <class '__main__.TBD0'>	close() argument must be a Figure, an int, a string, or None, not <class '__main__.TBD0'>	close() argument must be a Figure, an int, a string, or None, not <class '__main__.TBD0'>	close() argument must be a Figure, an int, a string, or None, not <class '__main__.TBD0'>	close() argument must be a Figure, an int, a string, or None, not <class '__main__.TBD0'>	close() argument must be a Figure, an int, a string, or None, not <class '__main__.TBD0'>	close() argument must be a Figure, an int, a string, or None, not <class '__main__.TBD0'>	close() argument must be a Figure, an int, a string, or None, not <class '__main__.TBD0'>		
231	name 'sys' is not defined												
359	name 'parser' is not defined	name 'parser' is not defined	name 'parser' is not defined										
92	name 'df' is not defined	name 'df' is not defined	name 'df' is not defined	'TBD1' object is not subscriptable	'TBD1' object is not subscriptable	'TBD1' object is not subscriptable	0	0	0	0			
452	name 'register' is not defined	name 'register' is not defined	name 'register' is not defined	'TBD1' object is not callable	'TBD1' object is not callable	'TBD1' object is not callable	'TBD1' object is not callable						
583	name 'orig' is not defined	name 'orig' is not defined	name 'orig' is not defined	unsupported operand type(s) for |=: 'TBD4' and 'TBD6'	unsupported operand type(s) for |=: 'TBD4' and 'TBD6'	unsupported operand type(s) for |=: 'TBD4' and 'TBD6'	unsupported operand type(s) for |=: 'TBD4' and 'TBD6'	unsupported operand type(s) for |=: 'TBD4' and 'TBD6'	unsupported operand type(s) for |=: 'TBD4' and 'TBD6'	'list' object is not callable	'list' object is not callable	'list' object is not callable	'list' object is not callable
593	name 'text' is not defined. Did you mean: 'next'?	name 'text' is not defined. Did you mean: 'next'?	name 'text' is not defined. Did you mean: 'next'?	'TBD0' object is not subscriptable	'TBD0' object is not subscriptable	'TBD0' object is not subscriptable	0	0	0	0	"can only concatenate list (not ""str"") to list"	"can only concatenate list (not ""str"") to list"	"can only concatenate list (not ""str"") to list"
823	name 'session' is not defined	name 'session' is not defined	name 'session' is not defined	'function' object has no attribute 'get'	'function' object has no attribute 'get'	'function' object has no attribute 'get'	'function' object has no attribute 'get'	'function' object has no attribute 'get'	'function' object has no attribute 'get'	'function' object has no attribute 'get'	'function' object has no attribute 'get'	'function' object has no attribute 'get'	'function' object has no attribute 'get'
687	name 'plt' is not defined												
499	name 'time' is not defined												
420	name 'In' is not defined	name 'In' is not defined	name 'In' is not defined	'TBD2' object is not subscriptable	'TBD2' object is not subscriptable	'TBD2' object is not subscriptable							
548	name 'file' is not defined. Did you mean: 'filter'?	name 'file' is not defined. Did you mean: 'filter'?	name 'file' is not defined. Did you mean: 'filter'?	object of type 'TBD1' has no len()	object of type 'TBD1' has no len()	object of type 'TBD1' has no len()	object of type 'TBD1' has no len()	object of type 'TBD1' has no len()	'TBD2' object cannot be interpreted as an integer	'TBD2' object cannot be interpreted as an integer	'TBD2' object cannot be interpreted as an integer		
746	name 'my_list' is not defined	name 'my_list' is not defined	name 'my_list' is not defined	'TBD1' object is not subscriptable	'TBD1' object is not subscriptable	'TBD1' object is not subscriptable							
291	name 'cond1' is not defined	name 'cond1' is not defined	name 'cond1' is not defined										
340	name 'Flask' is not defined	name 'Flask' is not defined											
505	name 'plt' is not defined	name 'x' is not defined	name 'x' is not defined	'TBD0' object is not subscriptable	'TBD0' object is not subscriptable	'TBD0' object is not subscriptable	unhashable type: 'slice'	unhashable type: 'slice'	unhashable type: 'slice'	unhashable type: 'slice'	unhashable type: 'slice'	unhashable type: 'slice'	unhashable type: 'slice'
673	name 're' is not defined												
779	name 'command' is not defined	name 'command' is not defined	name 'command' is not defined	isinstance() arg 2 must be a type, a tuple of types, or a union	isinstance() arg 2 must be a type, a tuple of types, or a union	isinstance() arg 2 must be a type, a tuple of types, or a union	isinstance() arg 2 must be a type, a tuple of types, or a union	isinstance() arg 2 must be a type, a tuple of types, or a union	isinstance() arg 2 must be a type, a tuple of types, or a union	isinstance() arg 2 must be a type, a tuple of types, or a union	isinstance() arg 2 must be a type, a tuple of types, or a union	isinstance() arg 2 must be a type, a tuple of types, or a union	isinstance() arg 2 must be a type, a tuple of types, or a union
601	name 'namedtuple' is not defined	name 'namedtuple' is not defined	'TBD2' object is not callable	'TBD2' object is not callable	'TBD2' object is not callable	'TBD2' object is not callable	'TBD2' object is not callable						
332	name 'np' is not defined	name 'DataFrame' is not defined	name 'DataFrame' is not defined	object of type 'TBD1' has no len()	object of type 'TBD1' has no len()	object of type 'TBD1' has no len()	object of type 'TBD1' has no len()	object of type 'TBD1' has no len()	'TBD2' object cannot be interpreted as an integer	'TBD2' object cannot be interpreted as an integer	'TBD2' object cannot be interpreted as an integer	'list' object has no attribute 'values'	'list' object has no attribute 'values'
735	name 'raw_data' is not defined	name 'raw_data' is not defined	name 'raw_data' is not defined	'TBD0' object is not subscriptable	'TBD0' object is not subscriptable	'TBD0' object is not subscriptable	Unknown datetime string format, unable to parse: Mycol, at position 0	Unknown datetime string format, unable to parse: Mycol, at position 0	Unknown datetime string format, unable to parse: Mycol, at position 0	Unknown datetime string format, unable to parse: Mycol, at position 0	Unknown datetime string format, unable to parse: Mycol, at position 0	Unknown datetime string format, unable to parse: Mycol, at position 0	Unknown datetime string format, unable to parse: Mycol, at position 0
453	name 'numpy' is not defined	name 'a' is not defined	name 'a' is not defined										
274	name 'pandas' is not defined	name 'query' is not defined	unsupported operand type(s) for >>: 'DataFrame' and 'TBD2'	unsupported operand type(s) for >>: 'DataFrame' and 'TBD2'	unsupported operand type(s) for >>: 'DataFrame' and 'TBD2'	unsupported operand type(s) for >>: 'DataFrame' and 'TBD2'	unsupported operand type(s) for >>: 'DataFrame' and 'TBD2'	unsupported operand type(s) for >>: 'DataFrame' and 'TBD2'	unsupported operand type(s) for >>: 'DataFrame' and 'TBD2'	unsupported operand type(s) for >>: 'DataFrame' and 'TBD2'	unsupported operand type(s) for >>: 'DataFrame' and 'TBD2'	unsupported operand type(s) for >>: 'DataFrame' and 'TBD2'	unsupported operand type(s) for >>: 'DataFrame' and 'TBD2'
431	name 'pip3' is not defined	name 'pip3' is not defined	name 'pip3' is not defined	unsupported operand type(s) for -: 'TBD0' and 'TBD1'	unsupported operand type(s) for -: 'TBD0' and 'TBD1'	unsupported operand type(s) for -: 'TBD0' and 'TBD1'	unsupported operand type(s) for -: 'TBD0' and 'TBD1'	unsupported operand type(s) for -: 'TBD0' and 'TBD1'	unsupported operand type(s) for -: 'TBD0' and 'TBD1'				
559	name 'df' is not defined	name 'df' is not defined	name 'df' is not defined	'TBD0' object is not subscriptable	'TBD0' object is not subscriptable	'TBD0' object is not subscriptable	2	2	2	2			
421	name 'some_function' is not defined	name 'some_function' is not defined	unsupported operand type(s) for -: 'str' and 'str'	unsupported operand type(s) for -: 'str' and 'str'	unsupported operand type(s) for -: 'str' and 'str'	unsupported operand type(s) for -: 'str' and 'str'	unsupported operand type(s) for -: 'str' and 'str'	unsupported operand type(s) for -: 'str' and 'str'	unsupported operand type(s) for -: 'str' and 'str'	unsupported operand type(s) for -: 'str' and 'str'	unsupported operand type(s) for -: 'str' and 'str'	unsupported operand type(s) for -: 'str' and 'str'	unsupported operand type(s) for -: 'str' and 'str'
102	name 'keys' is not defined	name 'keys' is not defined	name 'keys' is not defined	'TBD1' object is not iterable	'TBD1' object is not iterable	'TBD1' object is not iterable							
239	name 'value' is not defined. Did you mean: 'False'?	name 'value' is not defined. Did you mean: 'False'?	name 'value' is not defined. Did you mean: 'False'?										
351	name 'dict_keys' is not defined	name 'dict_keys' is not defined											
23	name 'os' is not defined												
768	name 'os' is not defined												
491	name 'DATA' is not defined	name 'DATA' is not defined	name 'DATA' is not defined										
481	name 'os' is not defined	name 'filename' is not defined	name 'filename' is not defined	remove: path should be string, bytes or os.PathLike, not TBD0	remove: path should be string, bytes or os.PathLike, not TBD0	remove: path should be string, bytes or os.PathLike, not TBD0	remove: path should be string, bytes or os.PathLike, not TBD0	remove: path should be string, bytes or os.PathLike, not TBD0	remove: path should be string, bytes or os.PathLike, not TBD0	remove: path should be string, bytes or os.PathLike, not TBD0	remove: path should be string, bytes or os.PathLike, not TBD0		
48	name 'key' is not defined	name 'key' is not defined	name 'key' is not defined	'type' object does not support item deletion	'type' object does not support item deletion	'type' object does not support item deletion	'type' object does not support item deletion	'type' object does not support item deletion	'type' object does not support item deletion	'type' object does not support item deletion	'type' object does not support item deletion	'type' object does not support item deletion	'type' object does not support item deletion
134	name 'yourObject' is not defined	name 'yourObject' is not defined	name 'yourObject' is not defined										
417	name 'l' is not defined	name 'l' is not defined	name 'l' is not defined	iterable expected, not TBD0	iterable expected, not TBD0	iterable expected, not TBD0	iterable expected, not TBD0	iterable expected, not TBD0	iterable expected, not TBD0	iterable expected, not TBD0	iterable expected, not TBD0	iterable expected, not TBD0	iterable expected, not TBD0
299	name 'sys' is not defined												
100	name 'os' is not defined												
684	name 'serial' is not defined	name 'serial' is not defined	name 'serial' is not defined										
162	name 'y' is not defined	name 'y' is not defined	name 'y' is not defined	'TBD0' object is not iterable	'TBD0' object is not iterable	'TBD0' object is not iterable							
196	name 'pd' is not defined. Did you mean: 'id'?	No such keys(s): 'display.height'	No such keys(s): 'display.height'	No such keys(s): 'display.height'	No such keys(s): 'display.height'	No such keys(s): 'display.height'	No such keys(s): 'display.height'	No such keys(s): 'display.height'	No such keys(s): 'display.height'	No such keys(s): 'display.height'	No such keys(s): 'display.height'	No such keys(s): 'display.height'	No such keys(s): 'display.height'
660	name 'df' is not defined	name 'df' is not defined	name 'df' is not defined	'TBD0' object does not support item assignment	'TBD0' object does not support item assignment	'TBD0' object does not support item assignment							
718	name 'func' is not defined	name 'func' is not defined	'list' object is not callable	'list' object is not callable	'list' object is not callable	'list' object is not callable	'list' object is not callable	'list' object is not callable	'list' object is not callable	'list' object is not callable	'list' object is not callable	'list' object is not callable	'list' object is not callable
353	name 'handle_init_suff_execption' is not defined	name 'handle_init_suff_execption' is not defined											
98	name 'sys' is not defined	"unsupported operand type(s) for >>: 'builtin_function_or_method' and '_io.TextIOWrapper'. Did you mean ""print(<message>, file=<output_stream>)""?"	"unsupported operand type(s) for >>: 'builtin_function_or_method' and '_io.TextIOWrapper'. Did you mean ""print(<message>, file=<output_stream>)""?"	"unsupported operand type(s) for >>: 'builtin_function_or_method' and '_io.TextIOWrapper'. Did you mean ""print(<message>, file=<output_stream>)""?"	"unsupported operand type(s) for >>: 'builtin_function_or_method' and '_io.TextIOWrapper'. Did you mean ""print(<message>, file=<output_stream>)""?"	"unsupported operand type(s) for >>: 'builtin_function_or_method' and '_io.TextIOWrapper'. Did you mean ""print(<message>, file=<output_stream>)""?"	"unsupported operand type(s) for >>: 'builtin_function_or_method' and '_io.TextIOWrapper'. Did you mean ""print(<message>, file=<output_stream>)""?"	"unsupported operand type(s) for >>: 'builtin_function_or_method' and '_io.TextIOWrapper'. Did you mean ""print(<message>, file=<output_stream>)""?"	"unsupported operand type(s) for >>: 'builtin_function_or_method' and '_io.TextIOWrapper'. Did you mean ""print(<message>, file=<output_stream>)""?"	"unsupported operand type(s) for >>: 'builtin_function_or_method' and '_io.TextIOWrapper'. Did you mean ""print(<message>, file=<output_stream>)""?"	"unsupported operand type(s) for >>: 'builtin_function_or_method' and '_io.TextIOWrapper'. Did you mean ""print(<message>, file=<output_stream>)""?"	"unsupported operand type(s) for >>: 'builtin_function_or_method' and '_io.TextIOWrapper'. Did you mean ""print(<message>, file=<output_stream>)""?"	"unsupported operand type(s) for >>: 'builtin_function_or_method' and '_io.TextIOWrapper'. Did you mean ""print(<message>, file=<output_stream>)""?"
516	name 'mydict' is not defined. Did you mean: 'dict'?	name 'mydict' is not defined. Did you mean: 'dict'?	name 'mydict' is not defined. Did you mean: 'dict'?	cannot unpack non-iterable TBD0 object	cannot unpack non-iterable TBD0 object	cannot unpack non-iterable TBD0 object	not enough values to unpack (expected at least 1, got 0)	not enough values to unpack (expected at least 1, got 0)	not enough values to unpack (expected at least 1, got 0)	not enough values to unpack (expected at least 1, got 0)	not enough values to unpack (expected at least 1, got 0)	not enough values to unpack (expected at least 1, got 0)	
292	name 's1' is not defined	name 's1' is not defined	name 's1' is not defined										
797	name 'n' is not defined	name 'n' is not defined	name 'n' is not defined	unsupported operand type(s) for +: 'TBD0' and 'int'	unsupported operand type(s) for +: 'TBD0' and 'int'	unsupported operand type(s) for +: 'TBD0' and 'int'	unsupported operand type(s) for +: 'TBD0' and 'int'	unsupported operand type(s) for +: 'TBD0' and 'int'	unsupported operand type(s) for +: 'TBD0' and 'int'				
589	name 'data1' is not defined	name 'data1' is not defined	name 'data1' is not defined										
375	name 'np' is not defined	unsupported operand type(s) for *: 'TBD0' and 'int'	unsupported operand type(s) for *: 'TBD0' and 'int'	unsupported operand type(s) for *: 'TBD0' and 'int'	unsupported operand type(s) for *: 'TBD0' and 'int'	unsupported operand type(s) for *: 'TBD0' and 'int'	unsupported operand type(s) for *: 'TBD0' and 'int'	unsupported operand type(s) for *: 'TBD0' and 'int'	unsupported operand type(s) for *: 'TBD0' and 'int'				
646	name 'np' is not defined												
634	name 'np' is not defined												
317	name 's' is not defined	name 's' is not defined	name 's' is not defined										
679	name 'plt' is not defined	name 'housing' is not defined	name 'housing' is not defined	If using all scalar values, you must pass an index	If using all scalar values, you must pass an index	If using all scalar values, you must pass an index	If using all scalar values, you must pass an index	If using all scalar values, you must pass an index	If using all scalar values, you must pass an index	If using all scalar values, you must pass an index	If using all scalar values, you must pass an index	If using all scalar values, you must pass an index	If using all scalar values, you must pass an index
669	name 'mymodule' is not defined	No module named 'mymodule'	No module named 'mymodule'	No module named 'mymodule'	No module named 'mymodule'								
711	name 'func1' is not defined	name 'func1' is not defined											
467	name 'file' is not defined. Did you mean: 'filter'?	name 'file' is not defined. Did you mean: 'filter'?	name 'file' is not defined. Did you mean: 'filter'?	'TBD1' object is not iterable	'TBD1' object is not iterable	'TBD1' object is not iterable							
38	name 'decorator' is not defined	name 'decorator' is not defined											
806	name 'os' is not defined												
405	name 'default_path' is not defined	name 'default_path' is not defined	name 'default_path' is not defined	chdir: path should be string, bytes, os.PathLike or integer, not TBD0	chdir: path should be string, bytes, os.PathLike or integer, not TBD0	chdir: path should be string, bytes, os.PathLike or integer, not TBD0	chdir: path should be string, bytes, os.PathLike or integer, not TBD0	chdir: path should be string, bytes, os.PathLike or integer, not TBD0	chdir: path should be string, bytes, os.PathLike or integer, not TBD0	chdir: path should be string, bytes, os.PathLike or integer, not TBD0	chdir: path should be string, bytes, os.PathLike or integer, not TBD0		
338	name 'dfbc' is not defined	name 'dfbc' is not defined	name 'dfbc' is not defined	'TBD0' object is not subscriptable	'TBD0' object is not subscriptable	'TBD0' object is not subscriptable	bad operand type for unary ~: 'TBD3'	bad operand type for unary ~: 'TBD3'	bad operand type for unary ~: 'TBD3'	TBD3.__invert__() missing 1 required positional argument: 'other'	TBD3.__invert__() missing 1 required positional argument: 'other'	TBD3.__invert__() missing 1 required positional argument: 'other'	TBD3.__invert__() missing 1 required positional argument: 'other'
763	name 'num_list' is not defined	name 'num_list' is not defined	name 'num_list' is not defined	'TBD2' object is not subscriptable	'TBD2' object is not subscriptable	'TBD2' object is not subscriptable	'<' not supported between instances of 'TBD4' and 'int'	'<' not supported between instances of 'TBD4' and 'int'	'<' not supported between instances of 'TBD4' and 'int'	'TBD6' object cannot be interpreted as an integer	'TBD6' object cannot be interpreted as an integer	'TBD9' object does not support item deletion	'TBD9' object does not support item deletion
786	name 'datetime' is not defined												
492	name 'models' is not defined	name 'models' is not defined	name 'models' is not defined	No module named 'library'	No module named 'library'	'TBD6' object is not subscriptable							
316	name 'mylist' is not defined. Did you mean: 'list'?	name 'mylist' is not defined. Did you mean: 'list'?	name 'mylist' is not defined. Did you mean: 'list'?										
39	name 'matplotlib' is not defined	module 'matplotlib' has no attribute 'pyplot'											
710	name 'random' is not defined												
700	name 'condition' is not defined	name 'condition' is not defined	name 'condition' is not defined										
678	name 'json' is not defined	name 'json_str' is not defined	name 'json_str' is not defined	the JSON object must be str, bytes or bytearray, not TBD0	the JSON object must be str, bytes or bytearray, not TBD0	the JSON object must be str, bytes or bytearray, not TBD0	the JSON object must be str, bytes or bytearray, not TBD0	the JSON object must be str, bytes or bytearray, not TBD0	the JSON object must be str, bytes or bytearray, not TBD0	the JSON object must be str, bytes or bytearray, not TBD0	the JSON object must be str, bytes or bytearray, not TBD0	Expecting value: line 1 column 1 (char 0)	Expecting value: line 1 column 1 (char 0)
90	name 'Union' is not defined	name 'Union' is not defined	name 'Union' is not defined	'TBD2' object is not subscriptable	'TBD2' object is not subscriptable	'TBD2' object is not subscriptable	Too many arguments for typing.List; actual 2, expected 1	Too many arguments for typing.List; actual 2, expected 1	Too many arguments for typing.List; actual 2, expected 1	Too many arguments for typing.List; actual 2, expected 1	Too many arguments for typing.List; actual 2, expected 1	Too many arguments for typing.List; actual 2, expected 1	Too many arguments for typing.List; actual 2, expected 1
80	name 'ClassName' is not defined	name 'ClassName' is not defined	name 'ClassName' is not defined										
466	name 'Session' is not defined	name 'Session' is not defined	name 'ClientTotal' is not defined	'TBD8' object is not iterable	'TBD8' object is not iterable	'TBD8' object is not iterable							
339	name 'xrange' is not defined. Did you mean: 'range'?	name 'xrange' is not defined. Did you mean: 'range'?	'TBD0' object is not iterable	'TBD0' object is not iterable	'TBD0' object is not iterable	'TBD0' object is not iterable	'dict' object has no attribute 'iteritems'	'dict' object has no attribute 'iteritems'	'dict' object has no attribute 'iteritems'	'dict' object has no attribute 'iteritems'	'dict' object has no attribute 'iteritems'	'dict' object has no attribute 'iteritems'	'dict' object has no attribute 'iteritems'
251	name 'number' is not defined	name 'number' is not defined	name 'number' is not defined	unsupported operand type(s) for +=: 'TBD0' and 'int'	unsupported operand type(s) for +=: 'TBD0' and 'int'	unsupported operand type(s) for +=: 'TBD0' and 'int'	unsupported operand type(s) for +=: 'TBD0' and 'int'	unsupported operand type(s) for +=: 'TBD0' and 'int'	unsupported operand type(s) for +=: 'TBD0' and 'int'				
772	name 'REDIS_URL' is not defined	name 'REDIS_URL' is not defined	name 'REDIS_URL' is not defined	unsupported operand type(s) for +: 'TBD1' and 'str'	unsupported operand type(s) for +: 'TBD1' and 'str'	unsupported operand type(s) for +: 'TBD1' and 'str'	unsupported operand type(s) for +: 'TBD1' and 'str'	unsupported operand type(s) for +: 'TBD1' and 'str'	unsupported operand type(s) for +: 'TBD1' and 'str'				
817	name 'datetime' is not defined	name 'my_dt' is not defined	name 'my_dt' is not defined	'TBD1' object cannot be interpreted as an integer	'TBD1' object cannot be interpreted as an integer	'TBD1' object cannot be interpreted as an integer	'TBD1' object cannot be interpreted as an integer	'TBD1' object cannot be interpreted as an integer	'TBD1' object cannot be interpreted as an integer	'TBD1' object cannot be interpreted as an integer	'TBD1' object cannot be interpreted as an integer		
267	name 'items' is not defined. Did you mean: 'iter'?	name 'items' is not defined. Did you mean: 'iter'?	name 'items' is not defined. Did you mean: 'iter'?	'TBD0' object is not iterable	'TBD0' object is not iterable	'TBD0' object is not iterable							
389	name 'sequence' is not defined	name 'sequence' is not defined	name 'sequence' is not defined	'TBD0' object is not iterable	'TBD0' object is not iterable	'TBD0' object is not iterable							
30	name 'a' is not defined	name 'a' is not defined	name 'a' is not defined										
507	name 'X' is not defined	name 'X' is not defined	name 'X' is not defined	'TBD0' object is not iterable	'TBD0' object is not iterable	'TBD0' object is not iterable	'zip' object is not subscriptable	'zip' object is not subscriptable	'zip' object is not subscriptable	'zip' object is not subscriptable	'zip' object is not subscriptable	'zip' object is not subscriptable	'zip' object is not subscriptable
